row ID,row m/z,row retention time,20220526-ACAC-ACAB.mzML Peak area,20220526-ACAC.mzML Peak area,20220526-ACAC 0.3.mzML Peak area
1,319.233917,18.26595833,181129.326,234437.5925,0
2,449.2238687,15.04664167,672639.944,2657622.811,0
3,462.1715916,3.7493,106573.179,0,0
4,561.3603225,18.27038333,1064330.506,876518.911,0
5,575.3763288,19.4684,133143.624,101580.603,0