Unnamed: 0,row ID,row m/z,match_id,match_smiles,mps,pair_similarity,pp
0,1,319.233917,CCMSLIB00009943341,,6.0,0.877455449779518,1.0
1,1,319.233917,CCMSLIB00009992430,,6.0,0.877455449779518,1.0
