Unnamed: 0,row ID,row m/z,match_id,match_smiles,mps,pair_similarity,pp
2,2,449.2238687,CCMSLIB00010011978,CC(=O)N(CCCCCNC(=O)C(CC(=O)NCCCN(C(=O)C)O)(CC(=O)O)O)O,44.0,0.9519372238246432,0.6197183098591549
3,2,449.2238687,CCMSLIB00009968081,,7.0,0.1520649302110541,0.0985915492957746
4,2,449.2238687,CCMSLIB00004690197,,0.0,0.0,0.0
5,2,449.2238687,CCMSLIB00004690198,,0.0,0.0,0.0
