Unnamed: 0,row ID,row m/z,match_id,match_smiles,mps,pair_similarity,pp
6,3,462.1715916,CCMSLIB00009968195,,0.0,0.0,0.0
7,3,462.1715916,CCMSLIB00009968437,,3.0,0.0101751346956007,0.1875
8,3,462.1715916,CCMSLIB00009970738,,0.0,0.0,0.0
9,3,462.1715916,CCMSLIB00009970936,,3.0,0.0101751346956007,0.1875
10,3,462.1715916,CCMSLIB00009970980,,0.0,0.0,0.0
